vmlinux,GZIP-bzImage,GZIP-vmlinux,GZIP,BZIP2-bzImage,BZIP2-vmlinux,BZIP2,LZMA-bzImage,LZMA-vmlinux,LZMA,XZ-bzImage,XZ-vmlinux,XZ,LZO-bzImage,LZO-vmlinux,LZO,LZ4-bzImage,LZ4-vmlinux,LZ4,basic-vmlinux,basic-GZIP-bzImage,basic-GZIP-vmlinux,basic-GZIP,basic-BZIP2-bzImage,basic-BZIP2-vmlinux,basic-BZIP2,basic-LZMA-bzImage,basic-LZMA-vmlinux,basic-LZMA,basic-XZ-bzImage,basic-XZ-vmlinux,basic-XZ,basic-LZO-bzImage,basic-LZO-vmlinux,basic-LZO,basic-LZ4-bzImage,basic-LZ4-vmlinux,basic-LZ4
64241544,6726608,8811992,6580441,10433488,12518312,6167633,5346256,7431120,5209210,4662224,6747512,4515160,7406544,9491320,7271308,7934928,10020016,7785825,64241544,6726608,8811992,6580441,10433488,12518312,6168099,5346256,7431120,5208729,4658128,6743416,4513672,7406544,9491320,7271280,7934928,10020016,7785838
19940368,5923792,8008824,5777596,9806800,11891280,5542710,4867024,6951536,4732426,4584400,6669344,4438124,6484944,8569368,6351528,6915024,8999768,6768214,19940368,5923792,8008824,5777589,9806800,11891280,5542772,4867024,6951536,4733254,4584400,6669344,4438492,6484944,8569368,6351535,6910928,8995672,6768096
71333792,19477968,21562832,19330498,23315920,25400232,19048370,15455696,17540048,15318660,14009808,16094584,13863576,21497296,23581560,21362403,23229904,25314480,23081629,71333792,19477968,21562832,19330523,23315920,25400232,19048766,15459792,17544144,15321489,13985232,16070008,13838152,21497296,23581560,21362418,23229904,25314480,23081584
21332760,6435280,8521168,6286457,10260944,12346280,5996450,5353936,7439312,5215954,5091792,7177592,4945140,6967760,9053048,6831790,7373264,9458864,7226068,21332760,6435280,8521168,6286463,10260944,12346280,5996611,5345744,7431120,5207735,5099984,7185784,4953324,6967760,9053048,6831791,7373264,9458864,7226070
37729360,7644624,9729488,7496165,11322832,13407144,7055147,6264272,8348624,6127704,5957072,8041848,5808676,8308176,10392440,8172681,8787408,10871984,8636967,37729360,7644624,9729488,7496164,11322832,13407144,7055112,6268368,8352720,6132762,5952976,8037752,5807864,8308176,10392440,8172680,8787408,10871984,8636966
18841496,5227984,7312848,5079112,9201104,11285416,4933185,4380112,6464464,4240870,4183504,6268280,4035636,5666256,7750520,5529285,6018512,8103088,5871872,18841496,5227984,7312848,5079110,9201104,11285416,4933128,4380112,6464464,4242358,4183504,6268280,4036280,5666256,7750520,5529228,6018512,8103088,5871896
44515312,9053136,11138512,8904485,12825552,14910376,8561567,7345104,9429968,7207174,6915024,9000312,6771032,9950160,12034936,9813481,10593232,12678320,10443744,44515312,9053136,11138512,8904485,12825552,14910376,8561472,7345104,9429968,7209736,6919120,9004408,6772424,9950160,12034936,9813482,10593232,12678320,10443743
49942504,14102480,16188536,13958817,17235920,19321424,12973213,11182032,13267568,11049768,9711568,11797536,9570688,15478736,17564184,15346991,16494544,18580312,16349307,49942504,14102480,16188536,13958816,17235920,19321424,12973085,11186128,13271664,11052079,9711568,11797536,9569112,15478736,17564184,15347026,16494544,18580312,16349341
23038856,4129744,6214776,3985622,8147920,10232400,3886060,3437520,5522032,3300618,3269584,5354528,3126628,4522960,6607384,4391010,4805584,6890328,4660100,23038856,4129744,6214776,3985616,8147920,10232400,3886163,3433424,5517936,3299910,3273680,5358624,3128692,4522960,6607384,4391008,4805584,6890328,4660103
27424000,7394768,9479288,7248609,11339216,13423184,7075533,6067664,8151664,5932587,5756368,7840800,5610160,8099280,10183192,7965640,8639952,10724184,8493276,27424000,7394768,9479288,7248607,11339216,13423184,7075464,6067664,8151664,5931776,5756368,7840800,5610376,8099280,10183192,7965638,8639952,10724184,8493275
43231696,8942864,11031856,8711071,13059344,15147784,8709380,7259408,9347880,7035128,6878480,8967384,6648680,10061072,12149456,9842990,10863888,12952592,10631604,43231696,8942864,11031856,8711066,13059344,15147784,8709473,7259408,9347880,7035153,6882576,8971480,6650376,10061072,12149456,9842990,10863888,12952592,10631603
68336904,19559376,21644752,19413365,22619088,24703912,18351691,15414224,17499088,15277854,13038544,15123832,12890180,21537744,23622520,21404167,23102416,25187504,22952672,68336904,19559376,21644752,19413364,22619088,24703912,18351754,15410128,17494992,15274005,13038544,15123832,12892860,21537744,23622520,21404168,23102416,25187504,22952672
46928088,11239888,13325776,11090948,14926288,17011624,10659368,9130448,11215824,8994460,8630736,10716536,8484176,12231120,14316408,12095716,12972496,15058096,12827470,46928088,11239888,13325776,11090946,14926288,17011624,10659342,9130448,11215824,8994519,8630736,10716536,8484096,12231120,14316408,12095715,12972496,15058096,12827468
26029832,5039056,7125880,4829093,9155536,11241808,4826719,4101072,6187376,3900907,3826640,5913376,3615856,5628880,7715096,5431198,6079440,8165976,5868755,26029832,5039056,7125880,4829094,9155536,11241808,4826318,4101072,6187376,3902151,3822544,5909280,3614676,5628880,7715096,5431131,6079440,8165976,5868708
36411424,8082384,10167760,7936519,11908048,13992872,7640891,6673360,8758224,6537407,6259664,8344952,6113128,8795088,10879864,8661050,9352144,11437232,9202788,36411424,8082384,10167760,7936529,11903952,13988776,7640652,6673360,8758224,6537264,6259664,8344952,6112412,8795088,10879864,8661046,9352144,11437232,9202787
133687272,19870672,21957496,19659946,24388560,26474832,20059643,15406032,17492336,15204066,14865360,16952096,14654604,22758352,24844568,22557953,24978384,27064920,24768441,133687272,19870672,21957496,19659805,24388560,26474832,20058114,15406032,17492336,15204642,14869456,16956192,14661256,22758352,24844568,22558180,24978384,27064920,24768720
23165344,6500816,8586704,6354038,10445264,12530600,6180906,5333456,7418832,5198052,4964816,7050616,4821176,7131600,9216888,6996005,7627216,9712816,7478752,23165392,6500816,8586704,6354841,10449360,12534696,6182791,5337552,7422928,5199169,4964816,7050616,4820372,7131600,9216888,6995440,7627216,9712816,7479301
27913720,7066576,9151952,6919023,10843088,12927912,6576738,5833680,7918544,5694841,5501904,7587192,5356672,7701456,9786232,7567572,8147920,10233008,8001477,27913720,7066576,9151952,6919023,10843088,12927912,6576706,5829584,7914448,5692357,5501904,7587192,5354940,7701456,9786232,7567572,8147920,10233008,8001475
19341440,4879824,6964688,4730528,8844752,10929064,4578111,4077008,6161360,3941003,3827152,5911928,3681260,5277136,7361400,5143185,5580240,7664816,5432583,19341440,4879824,6964688,4730679,8844752,10929064,4578300,4077008,6161360,3940505,3827152,5911928,3679804,5277136,7361400,5143087,5580240,7664816,5432591
27613416,7542224,9627088,7392330,11408848,13493160,7144727,6206928,8291280,6067452,5797328,7882104,5651784,8213968,10298232,8076768,8730064,10814640,8580664,27613416,7542224,9627088,7392331,11412944,13497256,7145033,6211024,8295376,6071193,5801424,7886200,5654408,8213968,10298232,8076768,8730064,10814640,8580665
58454992,6516688,8602744,6370312,10346448,12431952,6082535,4964304,7049840,4830040,4624336,6710304,4478988,7282640,9368088,7150230,7856080,9941848,7712499,58454952,6512592,8598648,6367957,10346448,12431952,6082464,4968400,7053936,4832566,4624336,6710304,4481560,7282640,9368088,7150014,7856080,9941848,7712360
27231416,6738896,8824280,6591430,10626000,12710824,6361271,5518288,7603152,5379292,5198800,7284088,5053496,7406544,9491320,7270867,7902160,9987248,7753748,27231416,6738896,8824280,6591435,10626000,12710824,6362440,5518288,7603152,5379081,5198800,7284088,5054164,7406544,9491320,7270866,7902160,9987248,7753747
19921632,6308816,8394192,6159384,10146768,12231592,5881316,5264336,7349200,5128741,5026768,7112056,4880028,6829008,8913784,6695675,7209936,9295024,7060942,19921552,6304720,8390096,6158650,10146768,12231592,5881771,5264336,7349200,5129219,5022672,7107960,4878196,6829008,8913784,6694577,7209936,9295024,7060944
223790232,31727568,33815376,31526270,37314512,39401760,32996288,23994320,26081600,23803636,22962128,25049840,22761180,37326800,39413992,37138523,41881552,43969064,41679888,223790232,31727568,33815376,31526229,37314512,39401760,32996188,23998416,26085696,23807890,22970320,25058032,22770356,37326800,39413992,37138517,41881552,43969064,41679876
213755640,24564176,26650064,24414973,26763728,28849064,22497817,18829776,20915152,18691900,17043920,19129720,16898748,27193808,29279096,27056636,29139408,31225008,28992797,213755640,24564176,26650064,24414974,26763728,28849064,22496513,18821584,20906960,18684531,17048016,19133816,16901348,27193808,29279096,27056636,29139408,31225008,28992797
166531536,7431120,9517896,7230616,11592656,13678880,7271890,6116304,8202560,5924368,5796816,7883504,5596424,8319952,10406120,8131667,8979408,11065896,8776950,166536256,7431120,9517896,7230230,11592656,13678880,7271417,6116304,8202560,5924589,5796816,7883504,5595692,8319952,10406120,8131708,8979408,11065896,8776742
18699792,4027856,6112728,3881257,8074704,10159016,3808558,3335632,5419984,3200007,3114448,5199224,2968916,4425168,6509432,4290301,4732368,6816944,4584084,18699792,4027856,6112728,3881257,8074704,10159016,3808529,3339728,5424080,3200166,3114448,5199224,2966312,4425168,6509432,4290303,4732368,6816944,4584066
205211296,22603216,24688080,22454038,25204176,27288488,20939441,16844240,18928592,16707487,15709648,17794424,15562440,25257424,27341688,25123486,26731984,28816560,26582905,205228232,22603216,24688080,22456431,25195984,27280296,20929904,16848336,18932688,16709445,15689168,17773944,15540864,25261520,27345784,25125639,26731984,28816560,26583385
21434880,6403024,8488400,6254759,10302416,12387240,6037596,5329872,7414736,5194375,4391888,6477176,4245704,6976464,9061240,6840157,7439312,9524400,7291858,21434992,6403024,8488400,6255933,10302416,12387240,6037011,5333968,7418832,5195731,4391888,6477176,4246584,6976464,9061240,6841618,7439312,9524400,7293382
16113376,3736528,5821568,3591452,7766992,9851472,3501767,3101648,5186160,2965064,2880464,4965408,2737380,4084688,6169112,3951171,4346832,6431576,4202550,16113376,3736528,5821568,3591452,7766992,9851472,3501762,3101648,5186160,2964783,2880464,4965408,2736328,4084688,6169112,3951170,4346832,6431576,4202542
28274880,7602128,9688528,7456601,11460560,13546408,7194741,6160336,8246224,6024007,5803984,7890296,5660156,8359888,10445688,8226923,8929232,11015344,8784466,28274880,7602128,9688528,7456600,11460560,13546408,7194623,6160336,8246224,6023153,5803984,7890296,5657944,8359888,10445688,8226911,8929232,11015344,8784465
177300840,23712208,25799496,23509527,28332496,30419232,24012927,17555920,19642688,17365005,16445904,18533104,16247732,28783056,30869736,28595346,32235984,34322984,32035632,177300840,23712208,25799496,23509490,28332496,30419232,24011675,17560016,19646784,17370172,16450000,18537200,16252088,28783056,30869736,28595281,32235984,34322984,32035608
72356328,14258128,16344528,14112138,17133520,19219368,12868090,10989520,13075408,10851712,10276816,12363128,10131780,15830992,17916792,15695809,16773072,18859184,16627526,72352448,14258128,16344528,14111178,17129424,19215272,12865080,10989520,13075408,10852895,10280912,12367224,10135260,15830992,17916792,15697173,16773072,18859184,16627153
299383280,18411984,20499112,18211156,22352336,24438912,18032507,14758352,16844960,14569472,13939152,16026192,13738864,20697552,22784072,20509397,22311376,24398216,22110766,299383280,18411984,20499112,18211150,22352336,24438912,18032504,14754256,16840864,14564128,13935056,16022096,13736476,20697552,22784072,20509389,22311376,24398216,22110815
35791672,8958416,11044304,8810292,12788176,14873512,8524459,7250384,9335760,7113499,6742480,8828280,6597628,9859536,11944824,9723130,10502608,12588208,10356601,35791672,8958416,11044304,8810289,12788176,14873512,8524446,7250384,9335760,7114184,6742480,8828280,6598184,9859536,11944824,9723130,10502608,12588208,10356601
30536672,9184208,11269240,9036629,12960720,15045200,8697103,7455696,9540208,7319884,6984656,9069600,6840732,10052560,12136984,9918113,10703824,12788568,10559055,30536672,9184208,11269240,9036630,12960720,15045200,8697096,7455696,9540208,7319487,6984656,9069600,6838828,10052560,12136984,9918113,10703824,12788568,10559055
53088712,8098768,10185544,7895817,12235728,14321952,7915028,6288336,8374592,6096458,5501904,7588592,5300928,9524176,11610344,9333664,10507216,12593704,10304584,53088712,8098768,10185544,7895811,12235728,14321952,7915111,6284240,8370496,6091824,5497808,7584496,5298060,9524176,11610344,9333664,10507216,12593704,10304583
84540784,25257424,27341944,25111896,27706832,29790800,23441468,19768784,21852784,19633793,18044368,20128800,17900048,27760080,29843992,27625494,29730256,31814488,29582019,84540784,25257424,27341944,25111939,27706832,29790800,23442130,19768784,21852784,19634081,18044368,20128800,17898164,27760080,29843992,27625489,29730256,31814488,29582019
20599536,4902864,6989264,4754639,8794064,10879912,4531355,4083664,6169552,3947006,3874768,5961080,3728640,5345232,7431032,5210453,5664720,7750832,5516752,20599536,4902864,6989264,4755237,8798160,10884008,4532695,4083664,6169552,3947134,3874768,5961080,3727872,5345232,7431032,5211259,5664720,7750832,5516971
184150456,12575696,14662312,12375364,16876496,18962560,12558985,9147344,11233440,8957334,8504272,10590800,8306380,15508432,17594440,15318616,17318864,19405192,17118472,184150456,12575696,14662312,12375351,16880592,18966656,12560175,9151440,11237536,8960313,8520656,10607184,8320464,15508432,17594440,15318613,17318864,19405192,17118467
26925912,7414224,9500112,7266548,11346384,13431720,7082416,6144464,8229840,6009198,5054928,7140728,4909136,8065488,10150776,7932727,8626640,10712240,8479612,26925912,7414224,9500112,7266550,11346384,13431720,7082417,6144464,8229840,6009636,5054928,7140728,4908828,8065488,10150776,7932725,8626640,10712240,8479610
34857040,7738320,9823704,7591599,11359184,13444008,7094613,6153168,8238032,6016273,5243856,7329144,5096832,8471504,10556280,8334264,9024464,11109552,8878771,34857040,7738320,9823704,7591598,11359184,13444008,7094484,6157264,8242128,6019139,5243856,7329144,5097352,8471504,10556280,8334264,9024464,11109552,8878771
218571600,11310032,13395408,11161437,14676944,16761768,10411856,9040848,11125712,8905234,7648208,9733496,7501192,12329936,14414712,12196177,13132752,15217840,12985169,218577648,11310032,13395408,11161537,14676944,16761768,10412897,9044944,11129808,8907357,7652304,9737592,7505048,12334032,14418808,12198560,13132752,15217840,12986568
24020200,5084624,7169488,4936449,9057744,11142056,4790605,4105680,6190032,3968649,3880400,5965176,3735904,5608912,7693176,5473544,5989840,8074416,5839551,24020200,5084624,7169488,4936453,9057744,11142056,4790792,4105680,6190032,3969527,3880400,5965176,3735592,5608912,7693176,5473544,5989840,8074416,5839551
65528712,12752336,14838480,12542003,16848336,18933928,12516945,10221008,12306640,10021425,8369616,10455672,8159892,14259664,16345208,14059297,15377872,17463728,15167120,65528712,12752336,14838480,12542004,16848336,18933928,12517059,10221008,12306640,10021354,8369616,10455672,8161384,14259664,16345208,14059297,15377872,17463728,15167120
31089976,7046096,9131136,6899998,11006928,13091408,6744544,5759952,7844464,5623137,4867024,6951968,4721744,7742416,9826840,7607242,8254416,10339160,8108894,31089976,7046096,9131136,6899998,11006928,13091408,6744544,5759952,7844464,5623137,4867024,6951968,4721744,7742416,9826840,7607242,8254416,10339160,8108894
24893168,5640144,7726200,5496722,9543632,11629136,5279478,4673488,6759024,4540072,4411344,6497312,4270248,6148048,8233496,6016639,6508496,8594264,6361959,24893168,5640144,7726200,5496729,9539536,11625040,5279452,4673488,6759024,4540332,4411344,6497312,4270032,6148048,8233496,6016636,6508496,8594264,6361957
45603888,13537744,15623640,13390753,17351120,19436456,13087482,10977744,13063120,10842042,8970704,11056504,8822760,14815696,16900984,14680841,15876560,17962160,15730528,45603888,13537744,15623640,13390753,17351120,19436456,13085917,10977744,13063120,10841410,8970704,11056504,8823532,14815696,16900984,14680839,15876560,17962160,15730526
64495256,7446480,9534328,7238124,11550672,13637968,7220645,6189008,8276336,5989743,5078992,7166744,4869112,8253392,10340632,8056442,8875984,10963544,8665931,64494360,7450576,9538424,7238800,11546576,13633872,7219452,6184912,8272240,5986388,5074896,7162648,4867520,8253392,10340632,8054452,8875984,10963544,8664327
374465744,16029136,18114000,15878825,19154384,21238696,14889139,12678608,14762960,12540112,10999248,13084024,10851204,17597904,19682168,17461797,18781648,20866224,18635940,374456448,16033232,18118096,15884652,19158480,21242792,14891604,12678608,14762960,12538935,10999248,13084024,10852064,17597904,19682168,17462519,18785744,20870320,18637615
360384200,8246224,10332880,8033836,12559312,14645416,8229285,6509520,8595664,6307453,5723088,7809656,5514232,9438160,11524216,9238392,10376144,12462512,10163542,360385160,8246224,10332880,8034158,12559312,14645416,8228859,6509520,8595664,6307487,5723088,7809656,5513372,9438160,11524216,9238821,10376144,12462512,10163990
15990992,3236816,5323432,3036355,7402448,9488512,3082997,2655184,4741280,2464770,2528208,4614736,2330396,3650512,5736520,3463088,3965904,6052232,3765630,15990992,3236816,5323432,3036353,7402448,9488512,3082550,2655184,4741280,2464721,2532304,4618832,2330584,3650512,5736520,3463089,3965904,6052232,3765630
27440728,8476112,10560976,8326899,12260816,14345128,7994343,6927824,9012176,6790237,6538704,8623480,6390488,9262544,11346808,9128264,9840080,11924656,9692636,27440728,8476112,10560976,8326898,12260816,14345128,7994334,6936016,9020368,6796957,6542800,8627576,6396280,9262544,11346808,9128263,9840080,11924656,9692634
25352136,4236240,6321616,4089885,8217552,10302376,3952802,3515344,5600208,3379149,3306448,5391736,3160484,4600784,6685560,4465860,4903888,6988976,4756321,25352136,4236240,6321616,4089877,8217552,10302376,3952796,3515344,5600208,3378938,3306448,5391736,3161284,4600784,6685560,4465858,4903888,6988976,4756320
41178720,10650064,12735608,10503917,14201296,16286288,9939482,8466896,10551920,8330803,6664656,8750112,6518556,11723216,13808152,11591367,12566992,14652248,12422244,41178792,10654160,12739704,10508917,14205392,16290384,9942060,8466896,10551920,8333036,6668752,8754208,6523328,11731408,13816344,11595919,12571088,14656344,12426373
62455688,18473424,20559312,18325417,21909968,23995304,17646466,15000016,17085392,14864602,13074896,15160696,12930792,20074960,22160248,19939979,21377488,23463088,21232265,62455688,18473424,20559312,18325406,21909968,23995304,17646681,15004112,17089488,14866721,13074896,15160696,12930984,20074960,22160248,19939976,21377488,23463088,21232263
27949952,6874064,8959096,6727808,10806224,12890704,6543662,5579728,7664240,5443138,5268432,7353376,5124088,7558096,9642520,7424275,8041424,10126168,7894476,27949952,6874064,8959096,6727803,10806224,12890704,6543604,5579728,7664240,5443917,5268432,7353376,5123100,7558096,9642520,7424272,8041424,10126168,7894472
22678432,6172624,8259024,6025122,9986000,12071848,5722121,5005264,7091152,4868494,3891152,5977464,3743832,6741968,8827768,6606423,7225296,9311408,7080475,22678432,6172624,8259024,6025122,9986000,12071848,5721370,5005264,7091152,4867926,3891152,5977464,3744184,6741968,8827768,6606420,7225296,9311408,7080472
37565112,6996432,9083560,6794180,11137488,13224064,6820961,5693904,7780512,5503358,5317072,7404112,5117316,7889360,9975880,7699673,8528336,10615176,8326521,37565112,6996432,9083560,6794168,11137488,13224064,6821135,5689808,7776416,5499165,5317072,7404112,5118252,7889360,9975880,7699672,8528336,10615176,8326518
27768472,6870480,8955344,6720955,10737104,12821416,6471368,5567952,7652304,5430391,5268944,7353720,5120356,7570896,9655160,7432813,8062416,10146992,7916482,27768472,6870480,8955344,6720963,10737104,12821416,6471443,5567952,7652304,5428731,5268944,7353720,5121272,7570896,9655160,7432813,8062416,10146992,7916480
89051000,11874768,13962104,11665283,16499152,18585936,12170138,8770000,10856816,8571058,7442896,9530144,7232760,14803408,16890136,14605162,16597456,18684504,16386127,89042088,11874768,13962104,11664560,16490960,18577744,12162545,8851920,10938736,8649834,7459280,9546528,7252092,14803408,16890136,14606857,16597456,18684504,16384767
70986360,19628496,21714392,19479167,22602192,24687528,18336839,15352272,17437648,15214989,13631952,15717752,13486296,21623248,23708536,21489887,23151056,25236656,23004522,70986000,19628496,21714392,19479436,22598096,24683432,18334129,15348176,17433552,15213351,13623760,15709560,13476852,21627344,23712632,21491060,23155152,25240752,23007600
32987856,9590224,11675088,9440324,13444560,15528872,9176256,7820752,9905104,7680759,6288848,8373624,6142812,10528208,12612472,10391530,11257296,13341872,11110861,32987856,9590224,11675088,9440325,13440464,15524776,9175795,7820752,9905104,7680652,6292944,8377720,6144144,10528208,12612472,10391528,11257296,13341872,11110861
152932728,17363408,19449304,17215929,21299664,23385000,17033594,13619664,15705040,13484472,13087184,15172984,12940860,19202512,21287800,19068859,20750800,22836400,20602168,152932904,17363408,19449304,17216331,21299664,23385000,17034292,13636048,15721424,13498125,13083088,15168888,12938960,19202512,21287800,19069021,20750800,22836400,20602180
31338088,9037360,11123936,8871723,12764720,14850744,8480645,7444016,9530080,7287712,7022128,9108616,6857104,9848368,11934344,9694372,10450480,12536768,10285988,31338088,9037360,11123936,8871726,12764720,14850744,8480711,7444016,9530080,7286915,7022128,9108616,6857800,9848368,11934344,9694373,10450480,12536768,10285988
30149384,8184784,10270168,8035683,12108752,14193576,7844429,6661072,8745936,6523278,6198224,8283512,6051176,9003984,11088760,8867076,9618384,11703472,9470254,30149384,8184784,10270168,8035684,12108752,14193576,7845031,6661072,8745936,6524189,6198224,8283512,6051188,9003984,11088760,8867075,9618384,11703472,9470253
21621360,4211152,6298280,4009641,8335824,10422400,4019250,3473872,5560480,3285083,3305936,5392976,3108956,4686288,6772808,4499474,5042640,7129480,4843303,21621360,4211152,6298280,4009643,8339920,10426496,4019962,3473872,5560480,3284492,3305936,5392976,3108480,4686288,6772808,4499472,5042640,7129480,4843300
58419800,12702768,14791136,12475143,16770096,18857912,12425214,10077232,12165088,9860270,9389104,11477384,9160264,14382128,16469896,14165618,15537200,17625280,15309381,58419800,12702768,14791136,12475144,16770096,18857912,12425521,10069040,12156896,9849532,9376816,11465096,9151720,14382128,16469896,14165615,15537200,17625280,15309379
34708648,10576944,12664040,10410942,14390320,16476856,10106555,8537136,10623712,8380760,6972464,9059464,6806136,11564080,13650568,11411687,12366896,14453696,12200599,34708648,10576944,12664040,10410940,14390320,16476856,10106795,8541232,10627808,8384205,6972464,9059464,6808860,11564080,13650568,11411685,12366896,14453696,12200597
24696224,4821968,6907352,4675313,8754128,10838952,4487907,3941328,6026192,3802503,3683280,5768568,3536116,5305296,7390072,5169010,5641168,7726256,5493201,24696224,4821968,6907352,4675314,8754128,10838952,4487891,3941328,6026192,3804222,3683280,5768568,3536180,5305296,7390072,5169010,5641168,7726256,5493202
36081144,7365584,9450616,7220398,10904528,12989008,6638959,5587920,7672432,5454153,5063632,7148576,4918752,8184784,10269208,8049371,8668112,10752856,8521618,36081216,7365584,9450616,7220324,10904528,12989008,6639838,5587920,7672432,5452165,5067728,7152672,4921688,8184784,10269208,8049657,8668112,10752856,8522969
15392392,3388368,5473744,3240960,7439312,9524136,3175377,2831312,4916176,2694268,2384848,4470136,2237128,3691472,5776248,3554747,3933136,6018224,3786092,15392392,3388368,5473744,3240959,7439312,9524136,3175689,2831312,4916176,2693476,2384848,4470136,2237408,3691472,5776248,3554747,3933136,6018224,3786090
12009344,3129296,5215352,2984026,7200720,9286224,2939320,2596816,4682352,2464160,2486224,4572192,2343576,3416016,5501464,3282081,3649488,5735256,3505177,12009416,3129296,5215352,2985570,7200720,9286224,2939174,2596816,4682352,2463194,2486224,4572192,2343132,3416016,5501464,3282217,3649488,5735256,3505108
45726048,9786320,11871352,9640487,13452240,15536720,9188848,7484368,9568880,7350285,6874064,8959008,6731892,10929104,13013528,10796813,11817936,13902680,11671902,45726048,9786320,11871352,9640636,13456336,15540816,9191681,7488464,9572976,7353855,6869968,8954912,6727768,10929104,13013528,10796972,11817936,13902680,11671690
27098312,5914576,8002376,5712656,10014672,12101920,5695086,4825040,6912320,4632236,4587472,6675184,4385992,6647760,8734952,6460662,7176144,9263656,6974560,27098312,5914576,8002376,5712657,10014672,12101920,5695160,4820944,6908224,4631613,4587472,6675184,4386696,6647760,8734952,6460659,7176144,9263656,6974557
67920712,16896976,18982360,16748210,20124624,22209448,15859849,13583312,15668176,13443668,12784592,14869880,12636004,18437072,20521848,18300416,19575760,21660848,19427030,67920712,16896976,18982360,16748197,20124624,22209448,15859658,13575120,15659984,13437825,12780496,14865784,12633988,18437072,20521848,18300415,19575760,21660848,19427031
48555592,10206672,12293240,10063519,13831632,15917648,9570159,8154576,10240624,8022420,6704592,8791072,6560660,11234768,13320728,11101680,12000720,14087000,11857109,48555592,10206672,12293240,10063520,13831632,15917648,9570194,8158672,10244720,8027042,6700496,8786976,6555900,11234768,13320728,11101680,12000720,14087000,11857110
30413544,9494992,11580536,9349221,13210064,15295056,8947726,7819728,9904752,7686153,7385552,9471008,7242544,10322384,12407320,10192077,10965456,13050712,10819747,30413544,9494992,11580536,9349220,13210064,15295056,8947852,7819728,9904752,7685727,7385552,9471008,7243780,10322384,12407320,10192075,10965456,13050712,10819745
40994064,10363856,12448888,10220493,14148560,16233040,9885821,8356816,10441328,8223699,6833104,8918048,6687420,11404240,13488664,11271618,12194768,14279512,12047548,40994064,10363856,12448888,10220495,14148560,16233040,9885844,8348624,10433136,8215051,6824912,8909856,6681276,11404240,13488664,11271617,12194768,14279512,12047549
53562760,9008080,11094904,8796694,13132752,15219024,8802894,7050192,9136496,6849248,6120400,8207136,5908560,10470352,12556568,10270443,11506640,13593176,11296687,53562760,9008080,11094904,8796691,13132752,15219024,8802932,7050192,9136496,6848922,6120400,8207136,5909112,10470352,12556568,10270440,11506640,13593176,11296682
25541928,6702032,8787416,6553831,10539984,12624808,6273780,5538768,7623632,5400406,5161936,7247224,5015584,7283664,9368440,7148549,7701456,9786544,7552407,25541928,6702032,8787416,6553829,10539984,12624808,6273976,5538768,7623632,5400213,5161936,7247224,5015716,7283664,9368440,7148546,7701456,9786544,7552406
59605504,14468048,16553424,14321658,17769424,19854248,13502276,11342800,13427664,11205112,10208208,12293496,10061024,15905744,17990520,15769570,17126352,19211440,16976439,59605504,14468048,16553424,14321652,17769424,19854248,13503021,11338704,13423568,11201754,10212304,12297592,10066024,15905744,17990520,15769569,17126352,19211440,16976422
26132504,7180240,9266296,7034056,11104208,13189712,6841155,5943248,8028784,5809377,4861904,6947872,4717588,7823312,9908760,7691841,8351696,10437464,8208225,26132504,7180240,9266296,7034055,11104208,13189712,6840715,5943248,8028784,5808542,4861904,6947872,4717472,7823312,9908760,7691839,8351696,10437464,8208225
22925664,5047760,7132280,4902736,8893904,10977872,4630917,4064720,6148720,3930530,3593680,5678112,3449204,5551568,7635480,5417645,5924304,8008536,5778927,22925664,5047760,7132280,4902729,8893904,10977872,4630977,4064720,6148720,3929950,3593680,5678112,3449632,5551568,7635480,5417644,5924304,8008536,5778925
21313360,4321232,6407632,4175039,8396752,10482600,4132888,3399632,5485520,3265049,3276752,5363064,3130428,4804560,6890360,4670701,5193680,7279792,5046061,21313360,4321232,6407632,4175089,8396752,10482600,4132883,3399632,5485520,3265228,3272656,5358968,3128896,4804560,6890360,4670726,5193680,7279792,5046080
34631000,11170352,13257952,11006331,14832176,16919224,10549366,9155120,11242208,9000811,8626736,10714248,8464504,12194352,14281352,12040636,12931632,15018944,12765499,34631000,11170352,13257952,11006340,14832176,16919224,10549369,9155120,11242208,9000371,8626736,10714248,8465312,12194352,14281352,12040635,12931632,15018944,12765499
63933576,15081424,17167824,14934655,18198480,20284328,13932971,12025808,14111696,11888935,10518480,12604792,10372968,16539600,18625400,16406858,17641424,19727536,17497380,63933576,15081424,17167824,14934715,18198480,20284328,13932823,12025808,14111696,11888606,10518480,12604792,10373348,16539600,18625400,16406855,17641424,19727536,17497380
89085512,10429392,12516048,10219435,15123408,17209512,10794143,7554000,9640144,7354344,7123920,9210488,6916096,13124560,15210616,12927111,15033296,17119664,14823495,89095896,10429392,12516048,10217622,15123408,17209512,10795087,7562192,9648336,7362770,7136208,9222776,6928500,13128656,15214712,12929200,15037392,17123760,14826347
60514616,9688528,11773056,9540012,13514192,15598160,9248860,7841232,9925232,7706227,6391248,8475680,6244964,10577360,12661272,10444955,11351504,13435736,11203570,60514616,9688528,11773056,9540022,13514192,15598160,9248924,7841232,9925232,7705943,6391248,8475680,6244192,10577360,12661272,10444955,11351504,13435736,11203570
188323840,36585424,38671824,36436976,36470736,38556584,32205714,26517456,28603344,26379595,24547280,26633592,24400216,41463760,43549560,41328261,45137872,47223984,44989042,188323840,36585424,38671824,36436688,36470736,38556584,32205684,26517456,28603344,26380856,24539088,26625400,24395672,41463760,43549560,41328260,45137872,47223984,44989040
29297904,6270928,8358568,6069984,10407888,12494976,6089384,5144528,7231648,4956488,4902864,6990416,4704928,7036880,9123912,6847693,7585744,9673096,7387293,29297904,6270928,8358568,6069975,10407888,12494976,6089196,5144528,7231648,4956495,4902864,6990416,4702844,7036880,9123912,6847693,7585744,9673096,7387294
40980760,8126416,10212472,7981412,12025808,14111312,7761535,6516688,8602224,6382545,6029264,8115232,5885180,8953808,11039256,8821027,9576400,11662168,9432721,40980760,8126416,10212472,7981411,12025808,14111312,7761665,6516688,8602224,6381515,6029264,8115232,5884064,8953808,11039256,8821026,9576400,11662168,9432721
116188360,5046736,7134072,4837651,9167312,11254096,4837430,4166096,6252912,3967169,3957200,6044448,3747712,5648848,7735576,5448598,6070736,8157784,5859931,116188272,5046736,7134072,4837718,9167312,11254096,4836963,4166096,6252912,3967242,3961296,6048544,3750604,5644752,7731480,5448485,6070736,8157784,5859753
81114896,14176208,16263888,13967145,18313168,20400296,13985189,10948560,13035728,10747267,9539536,11627128,9332020,16564176,18651256,16367510,18186192,20273584,17974158,81114896,14176208,16263888,13967146,18313168,20400296,13985169,10940368,13027536,10739927,9543632,11631224,9334868,16564176,18651256,16367511,18186192,20273584,17974156
96811808,15766992,17853096,15565329,19949008,22034560,15628196,12264912,14350496,12073177,9987536,12073552,9787664,18253264,20338760,18062442,20047312,22133128,19845972,96811808,15766992,17853096,15565251,19949008,22034560,15628114,12264912,14350496,12074361,9987536,12073552,9788860,18253264,20338760,18062443,20047312,22133128,19845968
29810808,7042000,9127032,6895284,10830800,12915280,6568367,5686224,7770736,5552899,4432848,6517792,4290308,7742416,9826840,7608773,8303568,10388312,8158372,29810808,7042000,9127032,6895285,10830800,12915280,6568540,5686224,7770736,5553117,4436944,6521888,4291376,7742416,9826840,7608773,8303568,10388312,8158372
30292800,9967376,12054408,9795752,13793040,15879528,9504294,8083216,10169736,7925674,7603984,9690928,7437632,10897168,12983600,10741701,11585296,13672048,11417189,30292800,9967376,12054408,9795749,13793040,15879528,9504621,8083216,10169736,7924377,7603984,9690928,7436936,10897168,12983600,10741701,11585296,13672048,11417189
35291360,10424272,12510672,10276060,14127056,16212904,9861042,8450000,10535888,8313521,7950288,10036600,7806828,11423696,13509496,11288244,12140496,14226608,11994427,35291360,10424272,12510672,10276061,14127056,16212904,9860938,8450000,10535888,8312286,7954384,10040696,7808500,11423696,13509496,11288244,12140496,14226608,11994427
56013712,6807504,8893560,6663897,10678224,12763728,6414097,5545936,7631472,5413620,5152720,7238688,5008696,7438288,9523736,7306649,7913424,9999192,7769791,56024632,6811600,8897656,6665050,10674128,12759632,6413112,5545936,7631472,5413194,5152720,7238688,5008384,7438288,9523736,7304849,7913424,9999192,7768715
452831344,9909712,11996024,9699295,14136784,16222544,9807502,7554512,9640304,7352054,6600144,8686368,6389412,11838928,13924632,11640688,13149648,15235672,12936175,452836432,9913808,12000120,9703863,14144976,16230736,9814722,7562704,9648496,7359824,6600144,8686368,6388864,11843024,13928728,11642870,13153744,15239768,12940730
48833424,13095984,15183072,12928699,16258096,18344632,11975735,10294320,12380896,10138848,8901680,10988680,8737444,14455856,16542344,14302334,15479856,17566656,15312964,48833424,13095984,15183072,12928712,16258096,18344632,11975472,10286128,12372704,10130681,8901680,10988680,8736792,14455856,16542344,14302333,15479856,17566656,15312963
97956544,16963024,19047888,16814750,20612560,22696872,16345063,13104592,15188944,12967918,12735952,14820728,12591352,18781648,20865912,18645223,20485584,22570160,20337165,97956544,16963024,19047888,16814737,20612560,22696872,16345496,13108688,15193040,12969657,12740048,14824824,12593644,18781648,20865912,18645259,20485584,22570160,20337207
38060360,5473232,7558264,5327548,9532368,11616848,5268345,4391888,6476400,4258495,4277200,6362144,4132488,6075344,8159768,5942329,6562768,8647512,6418544,38063808,5473232,7558264,5327169,9532368,11616848,5270109,4391888,6476400,4256814,4277200,6362144,4133152,6075344,8159768,5941863,6562768,8647512,6418216
323218760,15762896,17847416,15615411,19592656,21676624,15328183,12338640,14422640,12204200,11974096,14058528,11827072,17450448,19534360,17317565,18838992,20923224,18690753,323218936,15762896,17847416,15615724,19592656,21676624,15327913,12330448,14414448,12194095,11953616,14038048,11807756,17450448,19534360,17318212,18838992,20923224,18691255
56062480,16310736,18396632,16161832,19321296,21406632,15057281,12939728,15025104,12800707,11293136,13378936,11147508,17797584,19882872,17663009,18973136,21058736,18826931,56062480,16310736,18396632,16161831,19321296,21406632,15057419,12939728,15025104,12803863,11297232,13383032,11149240,17797584,19882872,17663010,18973136,21058736,18826932
32171152,5537744,7625544,5335888,9703376,11790624,5384582,4542416,6629696,4350045,4329424,6417136,4131472,6287312,8374504,6099662,6811600,8899112,6610096,32171016,5537744,7625544,5335403,9703376,11790624,5384520,4542416,6629696,4350997,4329424,6417136,4132072,6287312,8374504,6099835,6811600,8899112,6611055
57492312,18711504,20796880,18563629,22156240,24241064,17891491,15152080,17236944,15015952,14468048,16553336,14321376,20550608,22635384,20416815,21877712,23962800,21729474,57492312,18711504,20796880,18563614,22156240,24241064,17891501,15152080,17236944,15016432,14468048,16553336,14321136,20550608,22635384,20416816,21877712,23962800,21729474
31830552,8499664,10585208,8355182,12341712,14426704,8076511,6943184,9028208,6808858,6500816,8586272,6356556,9294288,11379224,9161791,9892304,11977560,9746507,31830552,8499664,10585208,8355181,12341712,14426704,8077234,6947280,9032304,6811864,6504912,8590368,6359248,9294288,11379224,9161790,9892304,11977560,9746507
124553096,7463888,9549264,7317948,11088848,13173672,6822398,5805008,7889872,5668851,4846544,6931832,4702456,8270800,10355576,8135234,8803280,10888368,8653503,124553368,7463888,9549264,7318018,11088848,13173672,6822480,5805008,7889872,5668169,4850640,6935928,4703892,8270800,10355576,8135463,8803280,10888368,8653780
80178456,16315344,18400728,16167071,19227600,21312424,14961746,12641232,14726096,12503940,10982352,13067640,10834340,18056144,20140920,17920325,19366864,21451952,19220321,80178456,16315344,18400728,16167128,19231696,21316520,14964255,12645328,14730192,12507264,10978256,13063544,10832540,18056144,20140920,17920569,19366864,21451952,19220603
25376112,6050768,8136144,5900510,9909200,11994024,5644318,4965328,7050192,4828584,4662224,6747512,4514140,6636496,8721272,6501025,7070672,9155760,6925025,25376112,6050768,8136144,5900511,9909200,11994024,5644310,4969424,7054288,4829970,4662224,6747512,4513612,6636496,8721272,6501025,7070672,9155760,6925025
98087816,18040272,20126584,17828933,21726672,23812432,17396389,14128592,16214384,13925967,12584400,14670624,12374852,20719056,22804760,20518183,22607312,24693336,22396530,98087816,18040272,20126584,17828932,21726672,23812432,17396380,14128592,16214384,13926531,12588496,14674720,12379308,20719056,22804760,20518184,22607312,24693336,22396528
104810040,15303632,17390288,15093756,19039184,21125288,14711165,12006352,14092496,11805843,10482640,12569208,10272708,17535952,19622008,17338917,19080144,21166512,18867164,104810040,15303632,17390288,15093759,19039184,21125288,14711061,12002256,14088400,11803566,10482640,12569208,10271896,17535952,19622008,17338914,19080144,21166512,18867162
80214480,10347472,12434088,10144628,14496720,16582784,10179015,8225744,10311840,8035464,7611344,9697872,7410664,11756496,13842504,11566590,12751824,14838152,12552939,104810040,15303632,17390288,15093759,19039184,21125288,14711061,12002256,14088400,11803566,10482640,12569208,10271896,17535952,19622008,17338914,19080144,21166512,18867162
55467352,11026384,13112440,10882539,14421968,16507472,10159074,8699856,10785392,8566527,7438288,9524256,7297084,12140496,14225944,12009775,12984272,15070040,12838496,55467352,11026384,13112440,10882530,14421968,16507472,10158953,8703952,10789488,8568529,7438288,9524256,7296396,12140496,14225944,12009773,12984272,15070040,12838496
23014504,5468624,7554168,5322321,9314768,11399760,5052427,4362704,6447728,4229292,3809744,5895200,3668160,6009296,8094232,5877009,6427088,8512344,6280597,23014504,5468624,7554168,5322321,9314768,11399760,5052380,4366800,6451824,4232167,3809744,5895200,3668316,6009296,8094232,5877009,6427088,8512344,6280597
73444624,12858832,14945096,12656347,16950736,19036448,12630755,9975248,12060992,9782176,8627664,10713840,8425252,14923216,17008872,14731753,16369104,18455080,16166801,73444624,12858832,14945096,12656347,16950736,19036448,12630742,9975248,12060992,9782726,8627664,10713840,8426528,14923216,17008872,14731753,16369104,18455080,16166798
318869600,25654224,27739600,25507930,28386256,30471080,24121325,19051472,21136336,18914542,17990608,20075896,17843592,28824528,30909304,28688078,31622096,33707184,31475215,318864448,25646032,27731408,25499510,28386256,30471080,24119775,19059664,21144528,18921976,17884112,19969400,17737768,28824528,30909304,28689678,31622096,33707184,31474211
86036928,8483792,10569168,8336461,12293072,14377896,8025880,6992848,9077712,6856847,5759952,7845240,5614064,9237456,11322232,9101140,9819088,11904176,9670221,86036872,8483792,10569168,8337307,12293072,14377896,8027931,6992848,9077712,6857093,5759952,7845240,5614548,9237456,11322232,9101889,9819088,11904176,9670548
169137624,25871312,27958088,25669223,29537232,31623456,25216855,19960784,22047040,19769782,18273232,20359920,18072780,29922256,32008424,29733015,32744400,34830888,32541417,169137624,25871312,27958088,25669229,29537232,31623456,25216647,19964880,22051136,19774981,18277328,20364016,18075828,29922256,32008424,29733016,32744400,34830888,32541418
61164624,15036880,17122768,14890358,18330064,20415400,14066777,12022224,14107600,11884600,9646544,11732344,9502444,16490960,18576248,16357514,17641936,19727536,17493830,61164624,15036880,17122768,14890358,18330064,20415400,14066803,12022224,14107600,11886593,9642448,11728248,9497320,16490960,18576248,16357513,17641936,19727536,17493830
17792624,3261392,5346768,3113919,7283664,9368488,3017887,2712528,4797392,2575251,2581456,4666744,2433872,3572688,5657464,3436553,3785680,5870768,3638931,17792624,3261392,5346768,3113865,7283664,9368488,3017317,2712528,4797392,2575095,2577360,4662648,2432708,3572688,5657464,3436397,3785680,5870768,3638842
28260648,6452176,8537208,6308175,10249168,12333648,5985252,5116880,7201392,4980629,4875216,6960160,4732684,7168976,9253400,7034264,7685072,9769816,7539257,28260648,6452176,8537208,6308174,10249168,12333648,5984766,5120976,7205488,4984825,4879312,6964256,4736504,7168976,9253400,7034262,7685072,9769816,7539255
28530656,7168976,9254008,7020696,10982352,13066832,6717234,5870544,7955056,5733189,5567440,7652384,5420756,7853008,9937432,7717362,8340432,10425176,8196379,28530656,7168976,9254008,7020698,10982352,13066832,6717590,5866448,7950960,5730280,5563344,7648288,5419724,7853008,9937432,7717362,8340432,10425176,8196379
40830712,8392656,10479056,8245215,12091344,14177192,7825853,6889424,8975312,6753328,6496208,8582520,6351784,9170896,11256696,9035073,9703376,11789488,9557424,40830712,8392656,10479056,8245214,12091344,14177192,7826709,6885328,8971216,6750216,6500304,8586616,6355732,9170896,11256696,9035073,9703376,11789488,9557424
49907552,5211088,7297912,5000469,9298896,11385168,4969019,4322256,6408560,4121618,4113360,6200088,3905356,5800912,7887128,5601751,6222800,8309336,6011526,49907552,5211088,7297912,5000476,9298896,11385168,4969033,4322256,6408560,4122353,4113360,6200088,3904044,5800912,7887128,5601751,6222800,8309336,6011526
49852288,11940816,14026200,11791655,15209424,17294248,10944557,9389008,11473872,9253298,8725456,10810744,8577796,13116368,15201144,12979031,13947856,16032944,13799760,49852288,11940816,14026200,11791652,15209424,17294248,10943656,9389008,11473872,9252782,8725456,10810744,8579780,13116368,15201144,12979029,13947856,16032944,13799757
531968008,16487888,18574032,16274505,20792784,22878376,16461995,11974096,14059728,11771824,11163088,13249144,10953224,20243920,22329464,20045909,22558160,24644016,22348883,531968008,16487888,18574032,16274505,20792784,22878376,16461873,11949520,14035152,11746371,11146704,13232760,10938064,20243920,22329464,20045909,22558160,24644016,22348883
33583040,5280304,7369304,5062289,9486896,11575344,5149258,4211248,6299728,4003356,3990064,6078976,3773388,6115888,8204280,5909030,6689328,8778040,6470166,33583040,5280304,7369304,5062284,9486896,11575344,5149072,4211248,6299728,4001673,3990064,6078976,3773500,6115888,8204280,5909030,6689328,8778040,6470165
82432032,14983632,17069528,14836621,17777104,19862440,13513636,11284944,13370320,11150151,10211792,12297592,10064788,16609744,18695032,16476091,17506768,19592368,17361222,82432032,14983632,17069528,14836117,17781200,19866536,13515119,11284944,13370320,11148525,10207696,12293496,10063964,16609744,18695032,16476053,17506768,19592368,17361199
56352736,8668112,10754728,8466596,12891088,14977152,8570872,6820816,8906912,6628574,5346256,7432784,5147568,10064848,12150856,9876920,11101136,13187464,10902672,56352736,8668112,10754728,8466597,12891088,14977152,8571017,6816720,8902816,6627315,5350352,7436880,5148696,10064848,12150856,9876920,11101136,13187464,10902674
42472408,13066704,15152592,12921670,16691664,18777000,12425986,10650064,12735440,10514500,8716752,10802552,8571616,14184912,16270200,14050779,15061456,17147056,14914742,42472408,13066704,15152592,12921671,16691664,18777000,12426028,10650064,12735440,10514678,8716752,10802552,8570040,14184912,16270200,14050777,15061456,17147056,14914740
42818080,14960080,17044944,14811647,18462160,20546472,14195676,12334544,14418896,12196218,10487248,12572024,10341832,16217552,18301816,16082609,17204688,19289264,17055232,42818080,14960080,17044944,14812588,18462160,20546472,14195835,12334544,14418896,12197051,10487248,12572024,10341448,16217552,18301816,16082936,17204688,19289264,17055307
16802552,4871216,6958304,4705718,8852528,10939064,4567302,4056112,6142688,3899622,3843120,5930120,3677940,5313584,7400072,5159704,5657648,7744448,5493186,16802552,4871216,6958304,4705718,8852528,10939064,4567529,4056112,6142688,3899314,3843120,5930120,3680528,5313584,7400072,5159704,5657648,7744448,5493184
33673032,6414288,8502088,6213558,10600400,12687648,6280345,5173200,7260480,4983012,4796368,6884080,4596864,7290832,9378024,7102198,7892944,9980456,7692203,33673032,6414288,8502088,6213558,10600400,12687648,6279653,5169104,7256384,4979653,4792272,6879984,4593168,7290832,9378024,7102198,7892944,9980456,7692204
20704160,5301200,7386576,5152843,9245648,11330472,4980583,4400080,6484944,4260969,3666896,5752184,3522492,5768144,7852920,5633628,6157264,8242352,6007840,20704160,5301200,7386576,5152843,9245648,11330472,4980571,4395984,6480848,4260755,3666896,5752184,3519424,5768144,7852920,5633625,6157264,8242352,6007838
612811992,73197008,75283272,72996456,81925584,84011296,77605512,49477072,51562816,49285679,48825808,50911984,48624708,95417808,97503464,95226843,110740944,112826920,110536910,612811992,73197008,75283272,72996071,81929680,84015392,77607906,49497552,51583296,49305919,48879056,50965232,48678500,95417808,97503464,95226812,110740944,112826920,110536882
151807280,10186704,12274504,9984868,14344144,16431392,10023395,8101840,10189120,7911205,6442960,8530672,6244472,11694032,13781224,11504022,12787664,14875176,12588114,151797544,10186704,12274504,9985544,14344144,16431392,10024245,8110032,10197312,7919924,6442960,8530672,6241724,11689936,13777128,11503304,12787664,14875176,12588069
24286384,6729680,8816080,6581232,10616784,12702632,6351166,5599184,7685072,5462981,4624336,6710648,4478920,7323600,9409400,7190320,7802832,9888944,7656971,24286384,6729680,8816080,6581221,10616784,12702632,6351102,5599184,7685072,5463437,4624336,6710648,4478800,7323600,9409400,7190320,7802832,9888944,7656972
247022392,10563536,12649944,10417689,14421968,16507816,10157301,8343504,10429392,8208241,8105936,10192248,7961476,11681744,13767544,11549137,12603344,14689456,12454980,247022296,10563536,12649944,10417653,14421968,16507816,10157696,8351696,10437584,8213087,8101840,10188152,7957572,11685840,13771640,11549207,12603344,14689456,12454978
49314600,11167184,13253288,10966236,15279568,17365120,10960412,9024976,11110560,8834182,8541648,10627664,8342588,12514768,14600264,12324470,13452752,15538568,13253529,49314600,11167184,13253288,10966374,15279568,17365120,10959809,9029072,11114656,8836887,8545744,10631760,8343964,12514768,14600264,12324457,13452752,15538568,13253459
215359304,11097040,13182416,10948966,15008720,17093544,10743813,8819664,10904528,8682276,8532944,10618232,8388788,12256208,14340984,12121735,13218768,15303856,13072678,215361000,11101136,13186512,10952380,15012816,17097640,10745380,8819664,10904528,8681160,8541136,10626424,8396804,12256208,14340984,12123243,13222864,15307952,13076386
31074456,11105744,13190264,10959330,14751184,16835152,10486476,9176528,11260528,9040759,7456208,9540640,7310848,12039632,14123544,11905764,12805584,14889816,12659158,31074456,11109840,13194360,10962340,14755280,16839248,10489929,9180624,11264624,9043348,7456208,9540640,7312984,12043728,14127640,11908249,12809680,14893912,12661981
69531992,10434320,12522800,10201788,14706448,16794376,10355513,8202000,10289960,7977728,7763728,9852120,7531620,12093200,14181072,11870729,13125392,15213584,12894308,69531992,10434320,12522800,10201784,14706448,16794376,10355462,8197904,10285864,7973102,7763728,9852120,7532708,12093200,14181072,11870726,13125392,15213584,12894307
209630480,8052688,10139088,7905484,11722704,13808552,7455924,6422480,8508368,6285868,5480400,7566712,5334224,8875984,10961784,8740115,9502672,11588784,9354546,209627928,8056784,10143184,7907518,11722704,13808552,7455776,6422480,8508368,6287451,5480400,7566712,5334780,8875984,10961784,8741773,9502672,11588784,9356863
26707960,4911056,6997112,4766443,8789968,10875472,4528046,3944400,6029936,3810430,3403728,5489696,3259020,5410768,7496216,5279605,5791696,7877464,5647374,26707960,4911056,6997112,4766439,8789968,10875472,4528661,3944400,6029936,3809339,3399632,5485600,3258320,5410768,7496216,5279605,5791696,7877464,5647374
28258216,4531152,6617928,4329193,8664016,10750240,4342638,3613648,5699904,3420182,3187664,5274352,2985964,5219280,7305448,5028838,5714896,7801384,5511776,28258216,4531152,6617928,4329193,8664016,10750240,4342732,3609552,5695808,3419129,3187664,5274352,2988676,5219280,7305448,5028837,5714896,7801384,5511776
34101080,5587920,7674576,5376570,9831376,11917480,5502013,4604880,6691024,4404092,3879888,5966456,3669016,6255568,8341624,6058265,6771664,8858032,6561835,34101080,5587920,7674576,5376574,9831376,11917480,5501857,4604880,6691024,4403629,3879888,5966456,3669428,6255568,8341624,6058263,6771664,8858032,6561834
25076864,2339792,4425168,2191306,6382544,8467368,2116603,1930192,4015056,1791630,1819600,3904888,1671860,2581456,4666232,2444572,2757584,4842672,2609747,25078328,2339792,4425168,2192433,6382544,8467368,2117897,1930192,4015056,1792382,1819600,3904888,1672320,2581456,4666232,2445732,2757584,4842672,2611093
62915416,15553488,17638864,15405177,18510800,20595624,14244147,12366800,14451664,12231349,10851280,12936568,10704916,17019856,19104632,16883810,18129872,20214960,17983947,62915416,15553488,17638864,15405175,18510800,20595624,14243701,12370896,14455760,12235445,10851280,12936568,10703960,17019856,19104632,16883808,18129872,20214960,17983945
96777544,14431696,16518008,14218919,18544080,20629840,14216116,11670992,13756784,11468100,9819600,11905824,9610584,16135632,18221336,15937363,17413584,19499608,17201110,96777544,14431696,16518008,14218913,18544080,20629840,14216010,11666896,13752688,11467118,9819600,11905824,9608084,16135632,18221336,15937360,17413584,19499608,17201108
62022744,8250320,10335352,8102534,12071888,14156368,7808066,6742992,8827504,6607531,5460944,7545888,5314392,8999888,11084312,8867911,9614288,11699032,9467171,62022744,8250320,10335352,8102533,12071888,14156368,7808003,6742992,8827504,6608032,5460944,7545888,5315384,8999888,11084312,8867911,9614288,11699032,9467171
175807104,6775056,8865024,6552888,10989840,13079256,6651723,5419280,7508736,5207411,5042448,7132328,4823324,7811344,9900712,7603293,8491280,10580960,8270243,175807104,6775056,8865024,6552888,10989840,13079256,6651331,5419280,7508736,5205831,5046544,7136424,4823976,7811344,9900712,7603291,8491280,10580960,8270241
28166880,5490128,7574992,5340028,9217488,11301800,4951010,4347344,6431696,4210563,4158928,6243704,4013092,6022608,8106872,5888110,6407632,8492208,6260782,28166880,5490128,7574992,5340023,9217488,11301800,4951047,4343248,6427600,4206081,4163024,6247800,4015820,6022608,8106872,5888111,6407632,8492208,6260782
79301536,11634128,13720440,11421296,15713744,17799504,11385974,9364944,11450736,9164353,8877520,10963744,8666256,13166032,15251736,12968429,14214608,16300632,14003823,79301488,11634128,13720440,11420462,15717840,17803600,11387237,9364944,11450736,9162342,8869328,10955552,8659000,13170128,15255832,12968874,14214608,16300632,14003867
270650792,12756016,14842760,12591460,16704560,18790752,12422536,10040368,12126592,9889068,9561136,11647792,9397964,14144560,16230696,13995121,15352880,17439336,15189701,270650792,12756016,14842760,12591499,16704560,18790752,12423089,10036272,12122496,9885012,9565232,11651888,9402496,14144560,16230696,13995142,15352880,17439336,15189734
80102360,8638416,10724816,8491681,12181456,14267304,7918043,6926288,9012176,6788943,5906384,7992696,5761636,9433040,11518840,9297810,10031056,12117168,9884928,80102344,8638416,10724816,8491400,12185552,14271400,7919038,6926288,9012176,6788811,5910480,7996792,5763128,9433040,11518840,9297592,10031056,12117168,9884873
78358272,11751888,13837776,11605508,15229392,17314728,10962961,9253328,11338704,9117532,7352784,9438584,7207512,12906960,14992248,12770157,13849040,15934640,13702098,78358480,11751888,13837776,11603573,15225296,17310632,10960917,9253328,11338704,9116977,7348688,9434488,7204504,12902864,14988152,12769678,13849040,15934640,13701809
86453464,22799824,24884344,22653131,26777040,28861008,22510796,17819088,19903088,17682610,16332240,18416672,16188612,25257424,27341336,25123431,27317712,29401944,27171937,86453464,22799824,24884344,22653223,26772944,28856912,22510138,17814992,19898992,17679798,16336336,18420768,16190100,25257424,27341336,25123331,27317712,29401944,27171816
47815528,9191376,11279064,8983358,13393872,15481000,9066699,7376848,9464016,7175168,6848464,8936056,6641744,10563536,12650616,10368049,11526096,13613488,11315136,47815528,9191376,11279064,8983359,13393872,15481000,9066645,7372752,9459920,7172318,6856656,8944248,6646868,10563536,12650616,10368049,11526096,13613488,11315135
35478960,8971216,11056592,8824641,12604368,14689192,8339280,7263184,9348048,7124506,5723088,7808376,5578680,9786320,11871096,9651118,10458064,12543152,10311854,35478960,8971216,11056592,8824644,12604368,14689192,8339263,7263184,9348048,7124569,5723088,7808376,5578344,9786320,11871096,9651118,10458064,12543152,10311854
32011912,5391824,7476688,5243777,9336272,11420584,5070794,4523472,6607824,4386951,4318672,6403448,4171896,5854672,7938936,5717475,6211024,8295600,6064420,32011952,5391824,7476688,5242384,9336272,11420584,5070061,4523472,6607824,4385226,4318672,6403448,4170196,5850576,7934840,5716805,6211024,8295600,6062764
18992104,3769296,5855912,3569372,7914448,10000512,3597739,3109840,5195936,2919780,2958288,5044816,2760500,4256720,6342728,4066634,4617168,6703496,4414809,18992104,3769296,5855912,3569370,7914448,10000512,3597625,3109840,5195936,2919571,2958288,5044816,2760504,4256720,6342728,4066633,4617168,6703496,4414807
42592912,11453904,13538776,11303797,15545808,17630120,11281558,8906192,10990544,8766965,8512976,10597752,8367860,12678608,14762872,12544293,13813200,15897776,13666770,42592864,11453904,13538776,11304597,15549904,17634216,11284418,8906192,10990544,8767631,8525264,10610040,8380052,12678608,14762872,12544371,13817296,15901872,13667385
125458288,19350992,21435856,19202764,22689232,24773544,18420978,14644688,16729040,14508120,13600208,15684984,13452796,21636560,23720824,21499240,23438800,25523376,23290585,125456904,19350992,21435856,19201580,22685136,24769448,18417279,14644688,16729040,14506476,13604304,15689080,13458396,21632464,23716728,21497397,23438800,25523376,23289112
19441544,5763024,7849080,5618964,9691088,11776592,5427815,4730832,6816368,4597324,3817424,5903392,3674948,6287312,8372760,6157363,6709200,8794968,6566072,19441544,5763024,7849080,5618965,9691088,11776592,5427773,4730832,6816368,4597544,3817424,5903392,3675072,6287312,8372760,6157362,6709200,8794968,6566073
29116232,7460400,9546632,7296117,11183664,13269344,6900855,5989936,8075648,5834584,5207600,7293744,5046072,8177200,10262824,8026190,8726064,10812008,8561665,29116232,7460400,9546632,7296119,11183664,13269344,6901155,5985840,8071552,5834024,5207600,7293744,5045220,8177200,10262824,8026188,8726064,10812008,8561664
27694016,5595600,7682936,5385755,9691600,11778384,5362107,4616656,6703472,4416374,4325840,6413080,4115076,6259152,8345880,6061946,6750672,8837720,6538287,27694016,5595600,7682936,5385765,9691600,11778384,5361810,4616656,6703472,4414623,4325840,6413080,4114688,6259152,8345880,6061943,6750672,8837720,6538286
20238872,5633488,7718008,5487307,9631184,11715152,5369233,4601296,6685296,4466187,4277712,6362144,4134012,6178256,8262168,6045615,6604240,8688472,6457999,20238872,5633488,7718008,5487306,9631184,11715152,5369216,4601296,6685296,4466462,4277712,6362144,4134492,6178256,8262168,6045613,6604240,8688472,6457998
28587880,5980624,8066168,5834002,9716176,11801168,5451515,4768208,6853232,4632832,4182480,6267936,4038672,6586832,8671768,6452015,7045584,9130840,6898579,28587880,5980624,8066168,5834005,9716176,11801168,5451216,4772304,6857328,4638961,4178384,6263840,4032556,6586832,8671768,6452019,7045584,9130840,6898581
33894152,9405392,11490424,9259885,13157328,15241808,8893985,7599056,9683568,7462788,7152592,9237536,7009696,10298320,12382744,10164725,10953680,13038424,10807845,33894152,9405392,11490424,9259884,13157328,15241808,8893968,7594960,9679472,7461697,7152592,9237536,7008056,10298320,12382744,10164726,10953680,13038424,10807845
127239376,29701680,31787912,29535939,32691760,34777440,28411425,22767152,24852864,22614110,20739632,22825776,20576752,33023536,35109160,32873622,35841584,37927528,35679024,127239376,29701680,31787912,29535903,32691760,34777440,28408827,22763056,24848768,22608243,20756016,22842160,20593876,33023536,35109160,32873373,35841584,37927528,35679108
40801360,8066000,10151376,7916097,11924432,14009256,7659793,6673360,8758224,6536024,6267856,8353144,6123204,8815568,10900344,8679138,9397200,11482288,9250084,40801360,8066000,10151376,7916104,11924432,14009256,7659657,6673360,8758224,6535568,6271952,8357240,6123868,8815568,10900344,8679137,9397200,11482288,9250082
58357176,7922640,10009256,7722350,11936720,14022784,7618457,6484944,8571040,6294094,6120400,8206928,5920100,8840144,10926152,8652577,9487312,11573640,9287108,58357176,7922640,10009256,7722347,11936720,14022784,7618295,6484944,8571040,6292972,6120400,8206928,5919824,8840144,10926152,8652577,9487312,11573640,9287106
24707208,5738448,7824504,5594287,9822160,11907664,5557966,4583376,6668912,4450327,4464592,6550560,4321296,6361040,8446488,6229069,6885328,8971096,6741935,24707208,5738448,7824504,5594365,9822160,11907664,5558460,4579280,6664816,4446440,4472784,6558752,4330916,6361040,8446488,6229132,6885328,8971096,6742025
52995336,13595088,15680976,13445837,16691664,18777000,12427598,10752464,12837840,10615872,9253328,11339128,9106376,14922192,17007480,14787796,15925712,18011312,15777187,52995336,13595088,15680976,13445837,16691664,18777000,12427885,10752464,12837840,10614934,9253328,11339128,9106604,14922192,17007480,14787793,15925712,18011312,15777187
52364736,13448656,15533520,13298623,17188304,19272616,12923166,11015632,13099984,10877334,9180624,11265400,9031372,14685648,16769912,14549641,15701456,17786032,15555536,52364736,13448656,15533520,13298625,17188304,19272616,12922548,11015632,13099984,10876892,9184720,11269496,9035668,14685648,16769912,14549636,15701456,17786032,15555535
185178032,5419472,7505016,5275830,9384400,11469392,5121732,4436432,6521456,4302853,4125136,6210592,3982932,5960144,8045080,5827973,6361552,8446808,6216827,185178032,5419472,7505016,5275832,9384400,11469392,5121682,4436432,6521456,4303588,4125136,6210592,3983640,5960144,8045080,5827972,6361552,8446808,6216826
100157608,12665808,14752584,12465526,16745424,18831648,12423893,9860048,11946304,9666363,8561616,10648304,8362008,14812112,16898280,14622531,16262096,18348584,16060339,100157608,12665808,14752584,12465527,16745424,18831648,12424154,9864144,11950400,9672938,8561616,10648304,8361816,14812112,16898280,14622530,16262096,18348584,16060339
24662840,7431632,9516496,7283026,11400656,13484968,7135164,6149584,8233936,6014179,5211600,7296376,5066844,8107472,10191736,7973692,8672720,10757296,8523853,24662840,7431632,9516496,7283029,11400656,13484968,7135116,6153680,8238032,6016757,5211600,7296376,5066912,8107472,10191736,7973691,8672720,10757296,8523852
126522976,20554192,22639736,20408252,23732688,25817680,19469672,15675856,17760880,15542242,14496208,16581664,14354472,22921680,25006616,22788136,24863184,26948440,24716349,126511072,20554192,22639736,20408465,23720400,25805392,19459606,15679952,17764976,15543579,14496208,16581664,14352380,22917584,25002520,22785941,24859088,26944344,24713351
20895568,3544016,5629400,3396352,7570384,9655208,3305585,2921424,5006288,2782735,2769872,4855160,2623576,3863504,5948280,3730506,4109264,6194352,3962007,20895568,3544016,5629400,3396346,7570384,9655208,3305553,2921424,5006288,2782418,2769872,4855160,2623496,3863504,5948280,3730504,4109264,6194352,3962005
38420168,11518416,13604312,11372160,15294928,17380264,11027944,9408976,11494352,9272013,8720848,10806648,8575568,12648912,14734200,12514135,13504976,15590576,13357136,38420168,11518416,13604312,11372140,15294928,17380264,11028360,9417168,11502544,9279333,8729040,10814840,8581360,12648912,14734200,12514134,13504976,15590576,13357136
32710968,9651152,11736184,9507772,13210576,15295056,8947733,7840720,9925232,7704212,6087632,8172576,5943064,10507216,12591640,10373553,11207632,13292376,11061279,32710968,9651152,11736184,9507776,13210576,15295056,8947595,7840720,9925232,7705685,6087632,8172576,5942928,10507216,12591640,10373552,11207632,13292376,11061279
65664224,18392016,20477400,18244470,21324752,23409576,17057903,14533584,16618448,14396811,12858320,14943608,12711948,20149200,22233976,20013289,21496784,23581872,21350461,65664224,18392016,20477400,18244470,21324752,23409576,17057926,14529488,16614352,14393580,12858320,14943608,12711360,20149200,22233976,20013288,21496784,23581872,21350461
105986672,26379728,28464592,26231558,29382096,31466408,25114316,19899856,21984208,19762859,18675152,20759928,18527576,29378000,31462264,29241681,31872464,33957040,31725964,105982544,26375632,28460496,26227216,29378000,27268008,25112759,19899856,21984208,19760889,18679248,20764024,18530276,29373904,31458168,29239600,31872464,33957040,31725014
46952272,10981328,13069176,10769311,14958544,17045840,10629085,8892368,10979696,8692282,8425424,10513176,8218036,12271568,14358808,12072617,13193168,15280728,12982940,46952272,10981328,13069176,10769311,14958544,17045840,10629468,8888272,10975600,8687787,8433616,10521368,8223276,12271568,14358808,12072618,13193168,15280728,12982940
107768544,27369936,29455480,27224418,30007760,32092752,25744935,20685264,22770288,20549750,19538384,21623840,19393004,30413264,32498200,30279477,32870864,34956120,32727071,107768544,27369936,29455480,27224106,30007760,32092752,25744302,20677072,22762096,20539827,19534288,21619744,19389888,30413264,32498200,30279404,32870864,34956120,32727003
44834648,10478544,12565320,10277764,14619600,16705824,10300449,8500176,10586432,8309518,8037328,10124016,7838316,11838416,13924584,11647019,12776400,14862888,12574964,44834648,10478544,12565320,10277763,14619600,16705824,10300686,8500176,10586432,8308022,8037328,10124016,7837188,11838416,13924584,11647017,12776400,14862888,12574962
33352376,11260880,13346256,11113263,15057872,17142696,10790912,9147344,11232208,9011540,7345104,9430392,7199660,12338128,14422904,12204590,13181904,15266992,13034792,33352376,11260880,13346256,11113263,15057872,17142696,10790285,9151440,11236304,9013294,7345104,9430392,7198388,12338128,14422904,12204591,13181904,15266992,13034792
39933264,8061392,10147280,7912156,11702736,13788072,7435330,6181328,8266704,6045640,5616080,7701880,5470512,8991184,11076472,8856325,9523664,11609264,9375559,39949648,8065488,10151376,7917803,11706832,13792168,7440391,6185424,8270800,6049988,5620176,7705976,5473192,8999376,11084664,8862811,9527760,11613360,9382346
18628976,5005776,7091320,4860400,8958416,11043408,4694870,4149712,6234736,4016111,3916240,6001696,3773080,5456336,7541272,5324493,5784016,7869272,5641091,18628976,5005776,7091320,4860401,8958416,11043408,4694830,4149712,6234736,4016944,3916240,6001696,3772860,5456336,7541272,5324493,5784016,7869272,5641091
56018808,12260816,14347080,12058861,16377296,18463008,12058226,9770448,11856192,9578809,9213392,11299568,9012948,14005712,16091368,13817076,15193552,17279528,14991088,56018808,12260816,14347080,12058860,16377296,18463008,12058047,9770448,11856192,9578846,9217488,11303664,9014400,14005712,16091368,13817075,15193552,17279528,14991086
61815264,18330064,20415952,18182449,22135248,24220584,17869370,14406096,16491472,14269103,14012880,16098680,13866392,20287952,22373240,20153024,21946832,24032432,21798667,61815264,18330064,20415952,18184154,22135248,24220584,17868477,14430672,16516048,14292743,14033360,16119160,13887368,20287952,22373240,20152614,21946832,24032432,21798347
26258280,5486032,7572176,5272814,9598416,11684008,5269283,4462032,6547664,4261598,4240848,6326904,4030884,6165968,8251512,5966479,6665680,8751536,6453205,26258280,5486032,7572176,5272815,9598416,11684008,5269488,4462032,6547664,4261790,4240848,6326904,4030172,6165968,8251512,5966478,6665680,8751536,6453204
102320520,9495504,11580536,9350364,12821456,14905936,8559726,7025616,9110128,6890042,6255568,8340512,6109376,10621904,12706328,10487687,11281360,13366104,11135522,102320520,9495504,11580536,9350367,12821456,14905936,8559734,7021520,9106032,6887009,6251472,8336416,6108824,10621904,12706328,10487682,11281360,13366104,11135520
53327616,15630288,17716688,15482477,18812880,20898728,14548788,12603344,14689232,12468616,10293200,12379512,10149832,17059792,19145592,16923778,18264016,20350128,18118674,53327552,15634384,17720784,15488324,18816976,20902824,14550264,12603344,14689232,12467885,10293200,12379512,10147416,17059792,19145592,16923976,18268112,20354224,18119013
26322624,6055376,8141640,5850893,10118608,12204320,5797758,5006800,7092544,4814596,4793808,6879984,4591448,6723024,8808680,6532497,7210448,9296424,7008529,26322624,6055376,8141640,5850894,10118608,12204320,5797741,5006800,7092544,4813963,4793808,6879984,4592728,6723024,8808680,6532499,7210448,9296424,7008530
121850424,17552336,19637368,17407108,20210640,22295120,15946181,13394896,15479408,13258704,12395472,14480416,12251732,19567568,21651992,19434446,20796368,22881112,20652013,121850424,17552336,19637368,17407105,20210640,22295120,15946158,13394896,15479408,13260535,12391376,14476320,12248896,19567568,21651992,19434445,20796368,22881112,20652012
74486440,6854096,8940360,6651703,11109840,13195552,6788705,5547472,7633216,5353154,4589008,6675184,4388676,7763408,9849064,7574543,8426960,10512936,8225018,74486456,6854096,8940360,6651474,11109840,13195552,6789704,5543376,7629120,5351818,4593104,6679280,4390568,7763408,9849064,7574644,8426960,10512936,8225029
35927624,9651152,11736536,9502414,13235152,15319976,8970698,7623632,9708496,7487084,6460368,8545656,6315260,10638288,12723064,10501591,11404240,13489328,11256965,35927624,9651152,11736536,9502409,13235152,15319976,8970334,7623632,9708496,7485822,6464464,8549752,6318672,10638288,12723064,10501591,11404240,13489328,11256964
39312808,5555152,7641816,5342859,9683920,11770024,5356669,4346832,6432976,4145357,3765200,5851768,3555108,6472656,8558712,6274085,7107536,9193904,6896807,39312808,5555152,7641816,5342858,9683920,11770024,5356915,4342736,6428880,4143817,3765200,5851768,3554992,6472656,8558712,6274078,7107536,9193904,6896800
67498680,6919120,9004152,6773544,10589136,12673616,6326214,5305296,7389808,5169027,4797392,6882336,4653324,7680976,9765400,7546369,8123344,10208088,7977048,67498680,6919120,9004152,6773682,10593232,12677712,6328358,5305296,7389808,5170733,4797392,6882336,4653456,7680976,9765400,7546866,8123344,10208088,7977273
30216592,8356816,10442200,8208344,12182480,14267304,7917626,6800336,8885200,6664021,6329296,8414584,6182932,9188304,11273080,9054187,9802704,11887792,9655230,30216592,8356816,10442200,8208345,12182480,14267304,7917060,6800336,8885200,6661413,6329296,8414584,6183772,9188304,11273080,9054185,9802704,11887792,9655229
21573808,5264336,7349720,5117847,9315280,11400104,5050223,4301776,6386640,4165493,4027344,6112632,3879744,5784528,7869304,5647830,6169552,8254640,6022208,21573808,5264336,7349720,5117849,9315280,11400104,5050242,4301776,6386640,4163719,4027344,6112632,3881316,5784528,7869304,5647830,6169552,8254640,6022207
45527952,6563280,8647800,6419242,10577360,12661328,6312075,5440976,7524976,5304125,4552144,6636576,4407052,7153104,9237016,7018807,7632336,9716568,7486185,45528240,6567376,8651896,6419872,10577360,12661328,6313181,5440976,7524976,5303952,4552144,6636576,4407120,7153104,9237016,7019810,7632336,9716568,7486493
76188072,13956560,16042872,13744361,17896912,19982672,13566719,10855888,12941680,10655988,9307600,11393816,9095700,15992272,18077976,15792071,17438160,19524184,17224035,76188072,13956560,16042872,13744284,17896912,19982672,13566629,10847696,12933488,10644100,9299408,11385624,9088072,15992272,18077976,15792070,17438160,19524184,17224035
69819176,6333392,8418424,6186618,10318800,12403280,6057132,5206992,7291504,5072241,4228048,6312992,4084068,6955984,9040408,6824501,7472080,9556824,7328881,69816856,6333392,8418424,6187486,10318800,12403280,6056839,5202896,7287408,5066426,4228048,6312992,4084108,6955984,9040408,6823553,7472080,9556824,7328442
58722400,15352272,17439608,15140735,19415504,21502288,15086009,12534224,14621040,12332524,11989456,14076696,11780312,17105360,19192088,16908444,18387408,20474456,18176697,58722400,15352272,17439608,15140736,19415504,21502288,15086058,12534224,14621040,12332255,11989456,14076696,11780784,17105360,19192088,16908440,18387408,20474456,18176695
30433976,8569808,10654840,8422891,12301264,14385744,8040086,7107536,9192048,6973306,6689744,8774688,6547924,9298896,11383320,9165813,9827280,11912024,9683432,30433904,8569808,10654840,8423545,12305360,14389840,8041795,7107536,9192048,6974851,6693840,8778784,6548680,9298896,11383320,9166357,9831376,11916120,9684038
70552496,7881680,9966712,7735537,11490256,13574736,7226873,6108112,8192624,5970775,5088208,7173152,4943616,8737744,10822168,8602983,9294800,11379544,9146361,70552712,7881680,9966712,7735254,11490256,13574736,7227656,6108112,8192624,5973050,5088208,7173152,4943012,8737744,10822168,8602617,9294800,11379544,9146490
27843320,7226832,9311360,7078077,11167184,13251152,6903317,5924304,8008304,5787530,5531088,7615520,5385464,7943632,10027544,7810773,8488400,10572632,8341752,27843248,7226832,9311360,7077776,11167184,13251152,6902556,5920208,8004208,5784730,5531088,7615520,5385480,7943632,10027544,7810682,8488400,10572632,8341364
27198224,5459920,7546320,5312048,9342928,11428776,5076837,4464592,6550480,4328984,4255696,6342008,4108028,5967824,8053624,5832297,6328272,8414384,6183488,27198224,5459920,7546320,5312061,9342928,11428776,5076960,4464592,6550480,4327265,4251600,6337912,4106280,5967824,8053624,5832300,6328272,8414384,6183489
106067856,7947216,10032248,7802792,11899856,13984336,7635797,6443984,8528496,6309830,5977040,8061984,5831540,8774608,10859032,8642543,9393104,11477848,9248385,106067888,7947216,10032248,7802773,11899856,13984336,7636999,6443984,8528496,6309262,5977040,8061984,5833360,8774608,10859032,8642678,9397200,11481944,9248648
86706640,10483152,12568016,10334876,14304720,16389032,10036739,8525264,10609616,8386839,8058320,10143096,7911860,11498960,13583224,11363359,12223952,14308528,12073310,86706288,10483152,12568016,10334699,14304720,16389032,10037242,8525264,10609616,8388071,8058320,10143096,7911540,11498960,13583224,11363395,12223952,14308528,12073639
201461224,9912272,11998672,9764350,13496272,15582120,9229948,8007632,10093520,7869338,6189008,8275320,6045336,10829776,12915576,10697360,11579344,13665456,11434238,201461224,9912272,11998672,9764352,13496272,15582120,9229873,8007632,10093520,7870139,6193104,8279416,6046036,10829776,12915576,10697359,11579344,13665456,11434237
139126176,5202896,7288272,5056180,9196496,11281320,4929709,4252624,6337488,4116752,3957712,6043000,3809324,5723088,7807864,5588942,6128592,8213680,5980984,139124384,5206992,7292368,5057978,9196496,11281320,4929970,4256720,6341584,4118533,3953616,6038904,3808724,5723088,7807864,5589689,6128592,8213680,5981381
18019008,3870672,5957072,3722687,7868368,9954216,3603888,3194832,5280720,3057800,2985936,5072248,2840156,4202448,6288248,4066254,4468688,6554800,4321570,18019008,3870672,5957072,3722685,7868368,9954216,3604771,3194832,5280720,3057253,2985936,5072248,2839904,4202448,6288248,4066252,4468688,6554800,4321569
652574496,14443056,16532056,14222533,18375216,20463664,14039117,11252272,13340752,11043574,9765424,11854336,9548764,16699952,18788344,16493859,18285104,20373816,18064522,652566624,14438960,16527960,14221453,18375216,20463664,14039927,11256368,13344848,11047356,9765424,11854336,9546180,16699952,18788344,16493782,18285104,20373816,18063438
14760688,2883536,4969936,2736625,6938576,9024424,2672224,2412496,4498384,2274475,2285520,4371832,2139604,3141584,5227384,3005878,3338192,5424304,3190759,14760688,2883536,4969936,2736620,6938576,9024424,2672213,2412496,4498384,2274632,2285520,4371832,2139296,3141584,5227384,3005878,3338192,5424304,3190758
49764968,12222416,14308816,12075003,15867856,17953704,11602613,9977808,12063696,9839991,9322448,11408760,9178508,13283280,15369080,13149683,14061520,16147632,13915347,49764968,12222416,14308816,12075590,15867856,17953704,11602841,9973712,12059600,9839662,9322448,11408760,9177240,13283280,15369080,13150035,14061520,16147632,13915639
79127408,18949392,21038384,18717506,22975760,25064200,18626059,15303952,17392424,15082353,14664976,16753880,14433160,21320976,23409360,21099046,23004432,25093136,22771553,79127408,18949392,21038384,18717507,22975760,25064200,18626152,15299856,17388328,15077480,14664976,16753880,14432720,21320976,23409360,21099046,23004432,25093136,22771553
20553280,4228560,6313080,4081920,8213968,10297936,3949529,3503568,5587568,3365953,3302864,5387296,3159496,4646352,6730264,4510227,4949456,7033688,4802874,20553200,4228560,6313080,4081152,8213968,10297936,3949067,3499472,5583472,3365368,3302864,5387296,3158836,4642256,6726168,4509203,4949456,7033688,4802150
27588328,6033456,8122800,5813468,10231856,12320656,5897409,4911152,6999984,4704029,4649008,6738272,4434300,6795312,8884056,6589720,7348272,9437336,7131211,27588328,6033456,8122800,5813468,10231856,12320656,5897487,4911152,6999984,4704681,4653104,6742368,4436440,6795312,8884056,6589720,7348272,9437336,7131211
151972760,10581456,12667720,10380166,14730704,16816416,10409909,8603088,10688832,8412260,8111568,10197744,7911964,11851216,13936872,11660060,12768720,14854696,12565289,151972088,10581456,12667720,10379256,14730704,16816416,10411407,8603088,10688832,8411076,8115664,10201840,7913780,11847120,13932776,11658495,12768720,14854696,12565629
14802192,2957264,5043320,2812931,6995920,9081424,2732544,2465744,4551280,2332335,2346960,4432928,2204148,3239888,5325336,3106599,3461072,5546840,3317311,14802192,2957264,5043320,2812929,6995920,9081424,2732419,2465744,4551280,2331312,2346960,4432928,2205308,3239888,5325336,3106599,3461072,5546840,3317310
48338752,10720720,12805584,10570335,14140880,16225192,9876365,8312272,10396624,8174988,7542224,9627000,7394208,11859408,13943672,11724779,12502480,14587056,12355824,48322368,10712528,12797392,10565099,14140880,16225192,9873251,8308176,10392528,8169356,7534032,9618808,7388552,11855312,13939576,11720055,12498384,14582960,12349639
111314648,11801552,13886936,11653745,15868880,17953704,11602213,9208784,11293648,9070179,8909776,10995064,8761796,13136848,15221624,13002806,14205904,16290992,14057565,111314096,11801552,13886936,11652289,15864784,17949608,11598917,9196496,11281360,9059800,8913872,10999160,8765912,13136848,15221624,13000955,14205904,16290992,14056637
30530632,6579664,8664536,6432727,10487248,12571560,6219312,5367248,7451600,5227270,5039568,7124344,4890832,7271888,9356152,7134525,7751120,9835696,7604234,30530632,6579664,8664536,6432725,10487248,12571560,6219332,5367248,7451600,5228645,5035472,7120248,4890088,7271888,9356152,7134524,7751120,9835696,7604231
57271224,12965328,15049848,12819094,16156112,18240080,11892074,10081744,12165744,9947642,9225680,11310112,9079104,14259664,16343576,14124749,15095248,17179480,14949768,57271224,12965328,15049848,12819092,16156112,18240080,11892156,10085840,12169840,9949672,9221584,11306016,9077168,14259664,16343576,14124748,15095248,17179480,14949768
237060472,17249232,19336008,17046214,21627856,23714080,17309384,13140944,15227200,12948358,12133328,14220016,11932616,20599760,22685928,20409844,22668240,24754728,22467697,237124944,17253328,19340104,17049590,21627856,23714080,17308779,13190096,15276352,12997256,12121040,14207728,11920448,20599760,22685928,20412303,22676432,24762920,22472888
27882784,7029712,9114744,6883093,11084752,13169232,6821242,5608400,7692912,5473400,4895696,6980640,4751012,7771088,9855512,7635827,8414160,10498904,8267781,27882800,7029712,9114744,6884529,11084752,13169232,6821583,5608400,7692912,5473672,4899792,6984736,4756268,7771088,9855512,7638574,8418256,10503000,8270045
188056360,19341264,21429072,19140090,23142352,25229600,18824453,14917584,17004864,14726024,13311952,15399664,13113108,22384592,24471784,22197471,24489936,26577448,24288573,188054808,19345360,21433168,19142317,23142352,25229600,18823700,14925776,17013056,14734133,13316048,15403760,13115828,22388688,24475880,22201114,24489936,26577448,24291404
29224984,6644176,8729720,6499500,10392016,12477008,6128224,5280208,7365232,5144217,4575696,6661152,4431732,7320016,9404952,7186167,7844304,9929560,7698089,29224984,6644176,8729720,6499498,10392016,12477008,6128237,5280208,7365232,5144358,4575696,6661152,4432544,7320016,9404952,7186166,7844304,9929560,7698089
46184208,8045616,10134152,7817397,12141616,14229600,7793316,6587440,8675456,6368091,5522480,7610928,5294464,9045040,11132968,8828318,9786416,11874664,9556816,46184208,8045616,10134152,7817397,12141616,14229600,7793276,6587440,8675456,6368959,5522480,7610928,5296320,9045040,11132968,8828318,9786416,11874664,9556816
36537680,6292432,8379208,6088382,10466256,12552480,6145881,5141456,7227712,4948357,5006288,7092976,4806272,7119824,9205992,6930914,7775184,9861672,7572254,36537680,6292432,8379208,6088372,10466256,12552480,6145711,5137360,7223616,4946876,5010384,7097072,4808704,7119824,9205992,6930907,7775184,9861672,7572235
23354376,6173648,8259024,6027610,10130384,12215208,5865563,5096400,7181264,4960267,4178896,6264184,4034068,6747088,8831864,6613876,7205840,9290928,7059948,23354376,6173648,8259024,6027612,10130384,12215208,5865181,5096400,7181264,4959487,4178896,6264184,4033980,6747088,8831864,6613875,7205840,9290928,7059945
432590952,11555280,13640824,11411286,15307216,17392208,11042585,9372112,11457136,9235662,8917456,11002912,8771832,12575184,14660120,12442291,13324752,15410008,13178904,432590952,11555280,13640824,11411287,15307216,17392208,11042648,9372112,11457136,9235449,8913360,10998816,8767136,12575184,14660120,12442291,13324752,15410008,13178904
